ThomsonGen/Preamble.lean	0	420	6641268
ThomsonGen/ThreePoint.lean	0	120	6776008
ThomsonGen/Kron.lean	0	60	6715212
ThomsonGen/M2.lean	0	120	8967796
ThomsonGen/Base.lean	0	60	6690984
ThomsonGen/GV.lean	0	131	6814064
ThomsonGen/TwoRegime.lean	0	70	6734324
ThomsonGen/Generic/Energy.lean	0	50	6690552
CoulN7/Basic.lean	0	60	6702972
ThomsonGen/Verbatim/Generic.lean	0	40	6655896
ThomsonGen/Cert1.lean	0	50	6698972
ThomsonGen/Cert3.lean	0	60	6747700
ThomsonGen/M3.lean	0	50	6736284
ThomsonGen/T4.lean	0	190	8816288
ThomsonGen/RegB.lean	0	90	6640288
ThomsonGen/Typed.lean	0	100	6858732
ThomsonGen/CertF.lean	0	50	6699380
ThomsonGen/CertT.lean	0	71	6790380
ThomsonGen/Generic/Glue.lean	0	50	6727324
ThomsonGen/Cert/NBlk.lean	0	70	6751856
ThomsonGen/Cert/NBlkCap.lean	0	50	6679200
ThomsonGen/Verbatim/LogMinor.lean	0	20	2659648
LogLean/MinorCore.lean	0	50	2775612
CoulN7/MinorCore.lean	0	20	2665580
CoulN7/Bridge.lean	0	50	6703692
CoulN7/Cap/DataA.lean	0	470	7113704
CoulN7/Cap/DataB.lean	0	461	7068520
CoulN7/Cap/DataG.lean	0	921	7071732
CoulN7/Cap/Data.lean	0	40	6668452
ThomsonGen/Cert/Split.lean	0	40	6668544
CoulN7/Cap/ChkA.lean	0	120	7257192
CoulN7/Cap/ChkB.lean	0	130	7321816
CoulN7/Cap/ChkG.lean	0	951	5187624
CoulN7/Cap/ChkSA0.lean	0	1843	7264364
CoulN7/Cap/ChkSA1.lean	0	771	7024004
CoulN7/Cap/ChkSA2.lean	0	530	7115744
CoulN7/Cap/ChkSA3.lean	0	471	7095124
CoulN7/Cap/ChkSA4.lean	0	501	7039024
CoulN7/Cap/ChkSA5.lean	0	481	7113204
CoulN7/Cap/ChkSA6.lean	0	430	7077708
CoulN7/Cap/ChkSA7.lean	0	161	6833684
CoulN7/Cap/ChkSA8.lean	0	500	7116232
CoulN7/Cap/ChkSB0.lean	0	1633	7488612
CoulN7/Cap/ChkSB1.lean	0	711	7108044
CoulN7/Cap/ChkSB2.lean	0	511	7091368
CoulN7/Cap/ChkSB3.lean	0	511	7128900
CoulN7/Cap/ChkSB4.lean	0	450	7119328
CoulN7/Cap/ChkSB5.lean	0	420	7060724
CoulN7/Cap/ChkSB6.lean	0	501	7060876
CoulN7/Cap/ChkSB7.lean	0	200	6928164
CoulN7/Cap/ChkSG0.lean	0	1241	7785140
CoulN7/Cap/ChkSG1.lean	0	351	7159352
CoulN7/Cap/ChkSG2.lean	0	360	7138312
CoulN7/Cap/ChkSG3.lean	0	351	7134720
CoulN7/Cap/ChkSG4.lean	0	380	7056132
CoulN7/Cap/ChkSG5.lean	0	380	7084220
CoulN7/Cap/ChkSG6.lean	0	381	7126428
CoulN7/Cap/ChkSG7.lean	0	160	6873444
CoulN7/Cap/ChkMeta.lean	0	50	6663852
CoulN7/Minor/Cap.lean	0	401	4103900
CoulN7/Cap/Spec.lean	0	50	6688256
ThomsonGen/Case1Stat.lean	0	50	6627136
CoulN7/Case1/Data.lean	0	70	6618048
CoulN7/Case1/Stat.lean	0	40	6592936
CoulN7/Case1/ChkF.lean	0	60	6785672
CoulN7/Case1/ChkS0.lean	0	120	9434784
CoulN7/Case1/ChkS13.lean	0	100	7534320
CoulN7/Case1/ChkS47.lean	0	90	7515940
CoulN7/Case1/ChkBF.lean	0	40	6635788
CoulN7/Case1/ChkBS0.lean	0	50	7733392
CoulN7/Case1/ChkBS1.lean	0	80	6928456
CoulN7/Case1/Check.lean	0	50	6635968
CoulN7/Minor/Case1.lean	0	20	2818224
CoulN7/Case1/Claim.lean	0	51	6669872
CoulN7/Challenge.lean	0	50	6618948
CoulN7/S9998/Data.lean	0	100	6659168
CoulN7/S9998/ChkMeta.lean	0	120	7044956
CoulN7/S9998/ChkA.lean	0	80	6899384
CoulN7/S9998/ChkB.lean	0	90	7104348
CoulN7/S9998/ChkG.lean	0	80	7087768
CoulN7/Minor/S9998.lean	0	30	2721616
CoulN7/S9998/Spec.lean	0	50	6664260
CoulN7/S9896/Data.lean	0	90	6659108
CoulN7/S9896/ChkMeta.lean	0	131	7046112
CoulN7/S9896/ChkA.lean	0	90	6910052
CoulN7/S9896/ChkB.lean	0	90	7102068
CoulN7/S9896/ChkG.lean	0	90	7088448
CoulN7/Minor/S9896.lean	0	30	2761276
CoulN7/S9896/Spec.lean	0	40	6664852
CoulN7/S9694/DataA.lean	0	150	6643064
CoulN7/S9694/DataB.lean	0	110	6638368
CoulN7/S9694/DataG.lean	0	110	6637420
CoulN7/S9694/Data.lean	0	40	6627056
CoulN7/S9694/ChkMeta.lean	0	270	7556156
CoulN7/S9694/ChkA.lean	0	140	7439568
CoulN7/S9694/ChkB.lean	0	150	7673556
CoulN7/S9694/ChkG.lean	0	150	7607692
CoulN7/Minor/S9694.lean	0	40	2791540
CoulN7/S9694/Spec.lean	0	41	6666756
CoulN7/S9493/DataA.lean	0	140	6645720
CoulN7/S9493/DataB.lean	0	120	6637960
CoulN7/S9493/DataG.lean	0	120	6641712
CoulN7/S9493/Data.lean	0	51	6626736
CoulN7/S9493/ChkMeta.lean	0	260	7544204
CoulN7/S9493/ChkA.lean	0	140	7563032
CoulN7/S9493/ChkB.lean	0	150	7646992
CoulN7/S9493/ChkG.lean	0	150	7693476
CoulN7/Minor/S9493.lean	0	40	2839768
CoulN7/S9493/Spec.lean	0	50	6664692
CoulN7/S9390/DataA.lean	0	141	6645188
CoulN7/S9390/DataB.lean	0	120	6637460
CoulN7/S9390/DataG.lean	0	120	6635212
CoulN7/S9390/Data.lean	0	40	6612484
CoulN7/S9390/ChkMeta.lean	0	261	7527540
CoulN7/S9390/ChkA.lean	0	150	7445884
CoulN7/S9390/ChkB.lean	0	151	7667516
CoulN7/S9390/ChkG.lean	0	150	7700384
CoulN7/Minor/S9390.lean	0	40	2785868
CoulN7/S9390/Spec.lean	0	40	6654824
ThomsonGen/Gauge.lean	0	71	6686036
ThomsonGen/P3ext.lean	0	50	6647740
ThomsonGen/P1.lean	0	70	6717276
ThomsonGen/Loc1.lean	0	50	6650700
ThomsonGen/QCore1.lean	0	271	7175272
ThomsonGen/Q2.lean	0	70	6870760
ThomsonGen/QCore2.lean	0	70	7004308
ThomsonGen/Loc2.lean	0	120	6787388
CoulN7/Main.lean	0	50	6700584
CoulN7/Check/Axioms.lean	0	50	6662624
CoulN7/Solution.lean	0	50	6687592
