# Clean build of lean/, 2026-10-02 (Linux x86_64, Lean v4.34.1), finished 00:32 UTC
#
# Package version: lean/ as of the commit that adds this file. Every .lean source, regen.sh, lakefile.toml,
# lake-manifest.json and lean-toolchain in the built tree is byte-identical to it (sha256 compared).
# Procedure: regen.sh; Mathlib at the revision in lake-manifest.json; every module of the import closure of
# LogN7.Solution, LogN7.Check.Axioms and LogN7.Challenge compiled one at a time in dependency order with
# lake env lean -j1 -DElab.async=false -o <olean> -i <ilean> <file>, at nice 19.
# Result: 157 of 157 modules exit code 0. LogN7/Check/Axioms.lean prints:
#   'ThomsonN7Log.thomson_seven_log' depends on axioms: [propext, Classical.choice, Quot.sound]
#   'ThomsonN7Log.thomson_seven_log_unique' depends on axioms: [propext, Classical.choice, Quot.sound]
# Columns: module, exit code, wall time (s), peak resident memory (kB).

ThomsonGen/Preamble.lean	0	44	6739684
ThomsonGen/ThreePoint.lean	0	46	6772996
ThomsonGen/Kron.lean	0	34	6726488
ThomsonGen/Cert1.lean	0	28	6714736
ThomsonGen/Cert3.lean	0	31	6756932
ThomsonGen/Case1Stat.lean	0	22	6689748
ThomsonGen/M2.lean	0	93	8937116
ThomsonGen/CertF.lean	0	28	6710420
LogN7/Case1/Data.lean	0	30	6679520
LogN7/Case1/Stat.lean	0	16	6653880
LogN7/Case1/ChkF.lean	0	41	6843776
LogN7/Case1/ChkS0.lean	0	98	9490008
LogN7/Case1/ChkS13.lean	0	83	7518336
LogN7/Case1/ChkS47.lean	0	86	7508732
LogN7/Case1/ChkBF.lean	0	22	6681064
LogN7/Case1/ChkBS0.lean	0	40	7789048
LogN7/Case1/ChkBS1.lean	0	52	6966616
LogN7/Case1/Check.lean	0	23	6684792
ThomsonGen/Base.lean	0	26	6701172
ThomsonGen/GV.lean	0	127	6794292
ThomsonGen/TwoRegime.lean	0	38	6732064
ThomsonGen/Generic/Energy.lean	0	24	6701032
ThomsonGen/Verbatim/Generic.lean	0	23	6675188
ThomsonGen/M3.lean	0	42	6743044
ThomsonGen/T4.lean	0	217	8884832
ThomsonGen/RegB.lean	0	82	6574292
ThomsonGen/Typed.lean	0	71	6820556
ThomsonGen/CertT.lean	0	48	6776144
ThomsonGen/Generic/Glue.lean	0	34	6725052
ThomsonGen/Cert/NBlk.lean	0	43	6743772
ThomsonGen/Cert/NBlkCap.lean	0	20	6683280
ThomsonGen/Verbatim/LogMinor.lean	0	10	2656488
LogLean/MinorCore.lean	0	46	2748652
LogN7/Basic.lean	0	31	6702124
LogN7/Bridge.lean	0	18	6704960
LogN7/Minor/MinorCase1.lean	0	14	2744240
LogN7/Case1/Claim.lean	0	20	6707160
LogN7/Cap/DataA.lean	0	369	7100292
LogN7/Cap/DataB.lean	0	322	7050176
LogN7/Cap/DataG.lean	0	901	7061288
LogN7/Cap/Data.lean	0	20	6674468
LogN7/Cap/ChkSA0.lean	0	1382	7510772
LogN7/Cap/ChkSA1.lean	0	431	7049348
LogN7/Cap/ChkSA2.lean	0	378	7023644
LogN7/Cap/ChkSA3.lean	0	409	7024788
LogN7/Cap/ChkSA4.lean	0	390	7023992
LogN7/Cap/ChkSA5.lean	0	360	7024580
LogN7/Cap/ChkSA6.lean	0	381	7024648
LogN7/Cap/ChkSA7.lean	0	115	6805660
LogN7/Cap/ChkSA8.lean	0	394	7052628
LogN7/Cap/ChkSB0.lean	0	1117	7425416
LogN7/Cap/ChkSB1.lean	0	294	6969012
LogN7/Cap/ChkSB2.lean	0	322	6973260
LogN7/Cap/ChkSB3.lean	0	292	6972912
LogN7/Cap/ChkSB4.lean	0	322	6973372
LogN7/Cap/ChkSB5.lean	0	328	6971376
LogN7/Cap/ChkSB6.lean	0	344	6971272
LogN7/Cap/ChkSB7.lean	0	62	6759680
LogN7/Cap/ChkSG0.lean	0	1173	7425948
LogN7/Cap/ChkSG1.lean	0	326	6973400
LogN7/Cap/ChkSG2.lean	0	316	6972380
LogN7/Cap/ChkSG3.lean	0	304	6973164
LogN7/Cap/ChkSG4.lean	0	310	6973168
LogN7/Cap/ChkSG5.lean	0	297	6972152
LogN7/Cap/ChkSG6.lean	0	320	6970556
LogN7/Cap/ChkSG7.lean	0	77	6759432
LogN7/Cap/ChkMeta.lean	0	18	6705584
ThomsonGen/Cert/Split.lean	0	20	6677744
LogN7/Cap/ChkA.lean	0	97	7027124
LogN7/Cap/ChkB.lean	0	84	7066056
LogN7/Cap/ChkG.lean	0	94	7079304
LogN7/Minor/MinorCap.lean	0	65	2770940
LogN7/Cap/Spec.lean	0	18	6717892
LogN7/S9998/Data.lean	0	54	6693528
LogN7/S9998/ChkMeta.lean	0	111	7028064
LogN7/S9998/ChkA.lean	0	50	6889100
LogN7/S9998/ChkB.lean	0	65	7136572
LogN7/S9998/ChkG.lean	0	60	7123228
LogN7/Minor/MinorSlab9998.lean	0	15	2693432
LogN7/S9998/Spec.lean	0	22	6711884
LogN7/S9896/Data.lean	0	50	6693260
LogN7/S9896/ChkMeta.lean	0	109	7028008
LogN7/S9896/ChkA.lean	0	42	6886520
LogN7/S9896/ChkB.lean	0	65	7136632
LogN7/S9896/ChkG.lean	0	66	7123116
LogN7/Minor/MinorSlab9896.lean	0	16	2733640
LogN7/S9896/Spec.lean	0	20	6711868
LogN7/S9694/DataA.lean	0	70	6677124
LogN7/S9694/DataB.lean	0	59	6675660
LogN7/S9694/DataG.lean	0	58	6675124
LogN7/S9694/Data.lean	0	16	6659712
LogN7/S9694/ChkMeta.lean	0	256	7515380
LogN7/S9694/ChkA.lean	0	88	7073064
LogN7/S9694/ChkB.lean	0	98	7357648
LogN7/S9694/ChkG.lean	0	99	7334348
LogN7/Minor/MinorSlab9694.lean	0	16	2736804
LogN7/S9694/Spec.lean	0	16	6713628
LogN7/S9493/DataA.lean	0	73	6679364
LogN7/S9493/DataB.lean	0	54	6675556
LogN7/S9493/DataG.lean	0	60	6674732
LogN7/S9493/Data.lean	0	16	6660632
LogN7/S9493/ChkMeta.lean	0	227	7515912
LogN7/S9493/ChkA.lean	0	95	7074760
LogN7/S9493/ChkB.lean	0	104	7357968
LogN7/S9493/ChkG.lean	0	108	7334412
LogN7/Minor/MinorSlab9493.lean	0	16	2734800
LogN7/S9493/Spec.lean	0	19	6717964
LogN7/S9390/DataA.lean	0	68	6680404
LogN7/S9390/DataB.lean	0	63	6677240
LogN7/S9390/DataG.lean	0	62	6677660
LogN7/S9390/Data.lean	0	20	6662116
LogN7/S9390/ChkMeta.lean	0	234	7516172
LogN7/S9390/ChkA.lean	0	90	7069896
LogN7/S9390/ChkB.lean	0	103	7357720
LogN7/S9390/ChkG.lean	0	97	7334848
LogN7/Minor/MinorSlab9390.lean	0	18	2737212
LogN7/S9390/Spec.lean	0	22	6718452
ThomsonGen/Verbatim/LogLocal.lean	0	10	2084608
LogLean/LocalKel.lean	0	13	2104664
LogLean/LocalSP.lean	0	12	2098612
LogLean/LocalAtom.lean	0	137	3385816
LogLean/LocalFrames.lean	0	34	2449428
LogLean/LocalBomb.lean	0	18	2127512
LogLean/LogSeries.lean	0	12	2653572
LogLean/LocalGeom.lean	0	240	5026112
LogLean/LocalCert.lean	0	48	3852856
LogLean/LocalGamma1.lean	0	155	3638080
LogLean/LocalGlobData.lean	0	356	3050320
LogLean/LocalPairData.lean	0	78	2355084
LogLean/LocalGlobA.lean	0	103	4413388
LogLean/LocalGlobB.lean	0	445	7950440
LogLean/LocalGlobB2.lean	0	312	7226020
LogLean/LocalGlobC.lean	0	106	3875672
LogLean/LocalGlobD.lean	0	195	4862416
LogLean/LocalGlobD2.lean	0	241	6839644
LogLean/LocalGlobD3a.lean	0	125	5523996
LogLean/LocalGlobD3b.lean	0	131	5525288
LogLean/LocalGlobD3c.lean	0	127	5519884
LogLean/LocalGlobD3d.lean	0	159	5492576
LogLean/LocalGlobD3e.lean	0	143	5481648
LogLean/LocalGlobD3f.lean	0	132	5430340
LogLean/LocalGlobD3g.lean	0	123	5345060
LogLean/LocalGlobD4.lean	0	149	5408700
LogLean/LocalGlobE.lean	0	86	4697020
LogLean/LocalGlobal.lean	0	20	2225056
LogLean/LocalPairsA.lean	0	917	8303472
LogLean/LocalPairsB.lean	0	893	8300116
LogLean/LocalPairsC.lean	0	719	8297280
LogLean/LocalScalar.lean	0	302	6706952
LogLean/LocalMain.lean	0	199	6891568
LogLean/LocalBridge.lean	0	37	6733832
ThomsonGen/Gauge.lean	0	52	6715608
LogLean/LocalHandoff.lean	0	18	6699844
LogN7/Main.lean	0	23	6769504
LogN7/Solution.lean	0	22	6757576
LogN7/Check/Axioms.lean	0	18	6727656
LogN7/Challenge.lean	0	22	6668056
